<?xml version="1.0" encoding="utf-8"?>
<extension type="module" version="3.0" client="site" method="upgrade">
    <name>MOD_ACCOUNT_DETAIL</name>
    <creationDate>May 2019</creationDate>
    <author>Sergio Galindo Mundo</author>
    <authorEmail>sergiogalindo2010@hotmail.com</authorEmail>
    <authorUrl>http://adventa.com.mx</authorUrl>
    <copyright>(C) 2019 Adventa. All rights reserved.</copyright>
    <license>GNU General Public License version 2 or later; see LICENSE.txt</license>
    <version>2.1.6</version>
    <description>MOD_ACCOUNT_DETAIL_DESC</description>

    <install>
        <sql>
            <file driver="mysql" charset="utf8">sql/mysql/install.mysql.utf8.sql</file>
        </sql>
    </install>

    <files>
        <filename>mod_account_detail.xml</filename>
        <filename module="mod_account_detail">mod_account_detail.php</filename>
        <filename>index.html</filename>
        <filename>helper.php</filename>
        <folder>tmpl</folder>
        <folder>sql</folder>
        <folder>assets</folder>

    </files>

    <languages>
        <language tag="en-GB">language/en-GB/en-GB.mod_account_detail.ini</language>
        <language tag="en-GB">language/en-GB/en-GB.mod_account_detail.sys.ini</language>
        <language tag="es-ES">language/es-ES/es-ES.mod_account_detail.ini</language>
        <language tag="es-ES">language/es-ES/es-ES.mod_account_detail.sys.ini</language>
    </languages>

    <config>
        <fields name="params">

        </fields>
    </config>
</extension>