sku,stock
CU000155,9999
CU000217,9999
CU000218,9999
CU000221,9999
CU000384,9999
CU000385,9999
CU000386,9999
CU000388,9999
CU000389,9999
CU000419,9999
CU000456,9999
CU000464,9999
CU000474,9999
CU000476,9999
CU000477,9999
CU000516,9999
CU000517,9999
CU000608,9999
CU000614,9999
CU000615,9999
CU000633,9999
CU000710,9999
CU000745,9999
CU000928,9999
CU000929,9999
CU001000,9999
CU001037,9999
CU001053,9999
CU001082,9999
CU001086,9999
CU001090,9999
CU001115,9999
CU001117,9999
CU001120,9999
CU001122,9999
CU001127,9999
CU001130,9999
CU001132,9999
CU001136,9999
CU001206,9999
CU001212,9999
CU001251,9999
CU001257,9999
CU001285,9999
CU001288,9999
CU001289,9999
CU001339,9999
CU001340,9999
CU001355,9999
CU001359,9999
CU001381,9999
CU001382,9999
CU001385,9999
CU001420,9999
CU001425,9999
CU001427,9999
CU001429,9999
CU001441,9999
CU001508,9999
CU001528,9999
CU001532,9999
CU001549,9999
CU001599,9999
CU001600,9999
CU001634,9999
CU001659,9999
CU001700,9999
CU001708,9999
CU001709,9999
CU001716,9999
CU001717,9999
CU001750,9999
CU001794,9999
CU001850,9999
CU001889,9999
CU001890,9999
CU001956,9999
CU001958,9999
CU001965,9999
CU001968,9999
CU001971,9999
CU002023,9999
CU002025,9999
CU002026,9999
CU002031,9999
CU002043,9999
CU002055,9999
CU002064,9999
CU002071,9999
CU002072,9999
CU002075,9999
CU002196,9999
CU002197,9999
CU002198,9999
CU002211,9999
CU002213,9999
CU002215,9999
CU002216,9999
CU002219,9999
CU002243,9999
CU002249,9999
CU002250,9999
CU002253,9999
CU002254,9999
CU002255,9999
CU002264,9999
CU002269,9999
CU002279,9999
CU002280,9999
CU002287,9999
CU002289,9999
CU002296,9999
CU002307,9999
CU002319,9999
CU002322,9999
CU002323,9999
CU002330,9999
CU002342,9999
CU002344,9999
CU002346,9999
CU002355,9999
CU002365,9999
CU002366,9999
CU002367,9999
CU002368,9999
CU002371,9999
CU002381,9999
CU002403,9999
CU002404,9999
CU002410,9999
CU002411,9999
CU002420,9999
CU002446,9999
CU002450,9999
CU002451,9999
CU002471,9999
CU002476,9999
CU002477,9999
CU002478,9999
CU002501,9999
CU002505,9999
CU002510,9999
CU002524,9999
CU002527,9999
CU002546,9999
CU002547,9999
CU002550,9999
CU002552,9999
CU002563,9999
CU002571,9999
CU002594,9999
CU002595,9999
CU002598,9999
CU002599,9999
CU002601,9999
CU002602,9999
CU002611,9999
CU002620,9999
CU002624,9999
CU002626,9999
CU002654,9999
CU002656,9999
CU002660,9999
CU002664,9999
CU002670,9999
CU002671,9999
CU002686,9999
CU002708,9999
CU002709,9999
CU002710,9999
CU002715,9999
CU002724,9999
CU002725,9999
CU002749,9999
CU002750,9999
CU002753,9999
CU002754,9999
CU002781,9999
CU002783,9999
CU002786,9999
CU002803,9999
CU002812,9999
CU002813,9999
CU002829,9999
CU002841,9999
CU002842,9999
CU002846,9999
CU002861,9999
CU002873,9999
CU002876,9999
CU002911,9999
CU002912,9999
CU002919,9999
CU002925,9999
CU002927,9999
CU002932,9999
CU002935,9999
CU002937,9999
CU002940,9999
CU002941,9999
CU002942,9999
CU002945,9999
CU002949,9999
CU002950,9999
CU002955,9999
CU002956,9999
CU002957,9999
CU002958,9999
CU002981,9999
CU002988,9999
CU002989,9999
CU002990,9999
CU003002,9999
CU003005,9999
CU003020,9999
CU003023,9999
CU003033,9999
CU003034,9999
CU003047,9999
CU003048,9999
CU003049,9999
CU003050,9999
CU003051,9999
CU003052,9999
CU003083,9999
CU003098,9999
CU003099,9999
CU003100,9999
CU003101,9999
CU003104,9999
CU003105,9999
CU003106,9999
CU003107,9999
CU003116,9999
CU003117,9999
CU003118,9999
CU003149,9999
CU003155,9999
CU003167,9999
CU003172,9999
CU003174,9999
CU003185,9999
CU003192,9999
CU003193,9999
CU003252,9999
CU003253,9999
CU003260,9999
CU003278,9999
CU003337,9999
CU003339,9999
CU003340,9999
CU003343,9999
CU003348,9999
CU003349,9999
CU003351,9999
CU003352,9999
CU003353,9999
CU003364,9999
CU003365,9999
CU003366,9999
CU003367,9999
CU003368,9999
CU003369,9999
CU003370,9999
CU002834,9999
